<?xml version="1.0" encoding="UTF-8"?>
<project-shared-configuration>
    <!--
    This file contains additional configuration written by modules in the NetBeans IDE.
    The configuration is intended to be shared among all the users of project and
    therefore it is assumed to be part of version control checkout.
    Without this configuration present, some functionality in the IDE may be limited or fail altogether.
    -->
    <properties xmlns="http://www.netbeans.org/ns/maven-properties-data/1">
        <!--
	Properties that influence various parts of the IDE, especially code formatting and the like. 
	You can copy and paste the single properties, into the pom.xml file and the IDE will pick them up.
	That way multiple projects can share the same settings (useful for formatting rules for example).
	Any value defined here will override the pom.xml file value but is only applicable to the current project.
	-->
        <org-netbeans-modules-editor-indent.CodeStyle.usedProfile>project</org-netbeans-modules-editor-indent.CodeStyle.usedProfile>
        <org-netbeans-modules-editor-indent.CodeStyle.project.spaces-per-tab>4</org-netbeans-modules-editor-indent.CodeStyle.project.spaces-per-tab>
        <org-netbeans-modules-editor-indent.CodeStyle.project.tab-size>4</org-netbeans-modules-editor-indent.CodeStyle.project.tab-size>
        <org-netbeans-modules-editor-indent.CodeStyle.project.indent-shift-width>4</org-netbeans-modules-editor-indent.CodeStyle.project.indent-shift-width>
        <org-netbeans-modules-editor-indent.CodeStyle.project.expand-tabs>false</org-netbeans-modules-editor-indent.CodeStyle.project.expand-tabs>
        <org-netbeans-modules-editor-indent.CodeStyle.project.text-limit-width>100</org-netbeans-modules-editor-indent.CodeStyle.project.text-limit-width>
        <org-netbeans-modules-editor-indent.CodeStyle.project.text-line-wrap>none</org-netbeans-modules-editor-indent.CodeStyle.project.text-line-wrap>
        <org-netbeans-modules-editor-indent.text.x-java.CodeStyle.project.separateStaticImports>true</org-netbeans-modules-editor-indent.text.x-java.CodeStyle.project.separateStaticImports>
        <org-netbeans-modules-editor-indent.text.x-java.CodeStyle.project.importGroupsOrder>static *;groovy;java;javax;net;org;com;*;br.com.improving</org-netbeans-modules-editor-indent.text.x-java.CodeStyle.project.importGroupsOrder>
        <org-netbeans-modules-editor-indent.text.x-java.CodeStyle.project.blankLinesAfterClassHeader>0</org-netbeans-modules-editor-indent.text.x-java.CodeStyle.project.blankLinesAfterClassHeader>
        <org-netbeans-modules-editor-indent.text.x-java.CodeStyle.project.wrapExtendsImplementsKeyword>WRAP_IF_LONG</org-netbeans-modules-editor-indent.text.x-java.CodeStyle.project.wrapExtendsImplementsKeyword>
        <org-netbeans-modules-editor-indent.text.x-java.CodeStyle.project.wrapWhileStatement>WRAP_IF_LONG</org-netbeans-modules-editor-indent.text.x-java.CodeStyle.project.wrapWhileStatement>
        <org-netbeans-modules-editor-indent.text.x-java.CodeStyle.project.alignJavadocExceptionDescriptions>true</org-netbeans-modules-editor-indent.text.x-java.CodeStyle.project.alignJavadocExceptionDescriptions>
        <org-netbeans-modules-editor-indent.text.x-java.CodeStyle.project.spaceBeforeArrayInitLeftBrace>true</org-netbeans-modules-editor-indent.text.x-java.CodeStyle.project.spaceBeforeArrayInitLeftBrace>
        <org-netbeans-modules-editor-indent.text.x-java.CodeStyle.project.wrapIfStatement>WRAP_IF_LONG</org-netbeans-modules-editor-indent.text.x-java.CodeStyle.project.wrapIfStatement>
        <org-netbeans-modules-editor-indent.text.x-java.CodeStyle.project.wrapTryResources>WRAP_IF_LONG</org-netbeans-modules-editor-indent.text.x-java.CodeStyle.project.wrapTryResources>
        <org-netbeans-modules-editor-indent.text.x-java.CodeStyle.project.alignJavadocParameterDescriptions>true</org-netbeans-modules-editor-indent.text.x-java.CodeStyle.project.alignJavadocParameterDescriptions>
        <org-netbeans-modules-editor-indent.text.x-java.CodeStyle.project.wrapMethodParams>WRAP_IF_LONG</org-netbeans-modules-editor-indent.text.x-java.CodeStyle.project.wrapMethodParams>
        <org-netbeans-modules-editor-indent.text.x-java.CodeStyle.project.wrapTernaryOps>WRAP_IF_LONG</org-netbeans-modules-editor-indent.text.x-java.CodeStyle.project.wrapTernaryOps>
        <org-netbeans-modules-editor-indent.text.x-java.CodeStyle.project.wrapThrowsKeyword>WRAP_IF_LONG</org-netbeans-modules-editor-indent.text.x-java.CodeStyle.project.wrapThrowsKeyword>
        <org-netbeans-modules-editor-indent.text.x-java.CodeStyle.project.wrapAssignOps>WRAP_IF_LONG</org-netbeans-modules-editor-indent.text.x-java.CodeStyle.project.wrapAssignOps>
        <org-netbeans-modules-editor-indent.text.x-java.CodeStyle.project.wrapEnumConstants>WRAP_IF_LONG</org-netbeans-modules-editor-indent.text.x-java.CodeStyle.project.wrapEnumConstants>
        <org-netbeans-modules-editor-indent.text.x-java.CodeStyle.project.wrapMethodCallArgs>WRAP_IF_LONG</org-netbeans-modules-editor-indent.text.x-java.CodeStyle.project.wrapMethodCallArgs>
        <org-netbeans-modules-editor-indent.text.x-java.CodeStyle.project.wrapChainedMethodCalls>WRAP_IF_LONG</org-netbeans-modules-editor-indent.text.x-java.CodeStyle.project.wrapChainedMethodCalls>
        <org-netbeans-modules-editor-indent.text.x-java.CodeStyle.project.wrapDisjunctiveCatchTypes>WRAP_IF_LONG</org-netbeans-modules-editor-indent.text.x-java.CodeStyle.project.wrapDisjunctiveCatchTypes>
        <org-netbeans-modules-editor-indent.text.x-java.CodeStyle.project.wrapFor>WRAP_IF_LONG</org-netbeans-modules-editor-indent.text.x-java.CodeStyle.project.wrapFor>
        <org-netbeans-modules-editor-indent.text.x-java.CodeStyle.project.wrapArrayInit>WRAP_IF_LONG</org-netbeans-modules-editor-indent.text.x-java.CodeStyle.project.wrapArrayInit>
        <org-netbeans-modules-editor-indent.text.x-java.CodeStyle.project.wrapAssert>WRAP_IF_LONG</org-netbeans-modules-editor-indent.text.x-java.CodeStyle.project.wrapAssert>
        <org-netbeans-modules-editor-indent.text.x-java.CodeStyle.project.wrapBinaryOps>WRAP_IF_LONG</org-netbeans-modules-editor-indent.text.x-java.CodeStyle.project.wrapBinaryOps>
        <org-netbeans-modules-editor-indent.text.x-java.CodeStyle.project.wrapAnnotationArgs>WRAP_IF_LONG</org-netbeans-modules-editor-indent.text.x-java.CodeStyle.project.wrapAnnotationArgs>
        <org-netbeans-modules-editor-indent.text.x-java.CodeStyle.project.wrapDoWhileStatement>WRAP_IF_LONG</org-netbeans-modules-editor-indent.text.x-java.CodeStyle.project.wrapDoWhileStatement>
        <org-netbeans-modules-editor-indent.text.x-java.CodeStyle.project.alignJavadocReturnDescription>true</org-netbeans-modules-editor-indent.text.x-java.CodeStyle.project.alignJavadocReturnDescription>
        <org-netbeans-modules-editor-indent.text.x-java.CodeStyle.project.wrapExtendsImplementsList>WRAP_IF_LONG</org-netbeans-modules-editor-indent.text.x-java.CodeStyle.project.wrapExtendsImplementsList>
        <org-netbeans-modules-editor-indent.text.x-java.CodeStyle.project.generateParagraphTagOnBlankLines>true</org-netbeans-modules-editor-indent.text.x-java.CodeStyle.project.generateParagraphTagOnBlankLines>
        <org-netbeans-modules-editor-indent.text.x-java.CodeStyle.project.wrapAfterDotInChainedMethodCalls>false</org-netbeans-modules-editor-indent.text.x-java.CodeStyle.project.wrapAfterDotInChainedMethodCalls>
        <org-netbeans-modules-editor-indent.text.x-java.CodeStyle.project.wrapForStatement>WRAP_IF_LONG</org-netbeans-modules-editor-indent.text.x-java.CodeStyle.project.wrapForStatement>
        <org-netbeans-modules-editor-indent.text.x-java.CodeStyle.project.importInnerClasses>true</org-netbeans-modules-editor-indent.text.x-java.CodeStyle.project.importInnerClasses>
        <org-netbeans-modules-editor-indent.text.x-java.CodeStyle.project.wrapThrowsList>WRAP_IF_LONG</org-netbeans-modules-editor-indent.text.x-java.CodeStyle.project.wrapThrowsList>
        <org-netbeans-spi-editor-hints-projects.text.x-java.org_2e_netbeans_2e_modules_2e_java_2e_hints_2e_encapsulation_2e_ClassEncapsulation_2e_publicCls.allow_2e_enums>false</org-netbeans-spi-editor-hints-projects.text.x-java.org_2e_netbeans_2e_modules_2e_java_2e_hints_2e_encapsulation_2e_ClassEncapsulation_2e_publicCls.allow_2e_enums>
        <org-netbeans-spi-editor-hints-projects.text.x-java.org_2e_netbeans_2e_modules_2e_java_2e_hints_2e_encapsulation_2e_FieldEncapsulation_2e_protectedField.allow_2e_enums>false</org-netbeans-spi-editor-hints-projects.text.x-java.org_2e_netbeans_2e_modules_2e_java_2e_hints_2e_encapsulation_2e_FieldEncapsulation_2e_protectedField.allow_2e_enums>
        <org-netbeans-spi-editor-hints-projects.text.x-java.org_2e_netbeans_2e_modules_2e_java_2e_hints_2e_SuspiciousNamesCombination.groups>x, width|y, height</org-netbeans-spi-editor-hints-projects.text.x-java.org_2e_netbeans_2e_modules_2e_java_2e_hints_2e_SuspiciousNamesCombination.groups>
        <org-netbeans-spi-editor-hints-projects.text.x-java.org_2e_netbeans_2e_modules_2e_java_2e_hints_2e_perf_2e_Tiny_2e_collectionsToArray.enabled>true</org-netbeans-spi-editor-hints-projects.text.x-java.org_2e_netbeans_2e_modules_2e_java_2e_hints_2e_perf_2e_Tiny_2e_collectionsToArray.enabled>
        <org-netbeans-spi-editor-hints-projects.text.x-java.Javac_5f_RAWTYPES.enabled>true</org-netbeans-spi-editor-hints-projects.text.x-java.Javac_5f_RAWTYPES.enabled>
        <org-netbeans-spi-editor-hints-projects.text.x-java.org_2e_netbeans_2e_modules_2e_java_2e_hints_2e_AssignmentIssues_2e_replaceAssignWithOpAssign.enabled>true</org-netbeans-spi-editor-hints-projects.text.x-java.org_2e_netbeans_2e_modules_2e_java_2e_hints_2e_AssignmentIssues_2e_replaceAssignWithOpAssign.enabled>
        <org-netbeans-spi-editor-hints-projects.text.x-java.org_2e_netbeans_2e_modules_2e_java_2e_hints_2e_bugs_2e_InfiniteRecursion_2e_run.no_2e_overridables>false</org-netbeans-spi-editor-hints-projects.text.x-java.org_2e_netbeans_2e_modules_2e_java_2e_hints_2e_bugs_2e_InfiniteRecursion_2e_run.no_2e_overridables>
        <org-netbeans-spi-editor-hints-projects.text.x-java.org_2e_netbeans_2e_modules_2e_java_2e_hints_2e_OrganizeImports.enabled>true</org-netbeans-spi-editor-hints-projects.text.x-java.org_2e_netbeans_2e_modules_2e_java_2e_hints_2e_OrganizeImports.enabled>
        <org-netbeans-spi-editor-hints-projects.text.x-java.org_2e_netbeans_2e_modules_2e_java_2e_hints_2e_ClassStructure_2e_protectedMemberInFinalClass.enabled>true</org-netbeans-spi-editor-hints-projects.text.x-java.org_2e_netbeans_2e_modules_2e_java_2e_hints_2e_ClassStructure_2e_protectedMemberInFinalClass.enabled>
        <org-netbeans-spi-editor-hints-projects.text.x-java.org_2e_netbeans_2e_modules_2e_java_2e_hints_2e_perf_2e_SizeEqualsZero.check_2e_not_2e_equals>true</org-netbeans-spi-editor-hints-projects.text.x-java.org_2e_netbeans_2e_modules_2e_java_2e_hints_2e_perf_2e_SizeEqualsZero.check_2e_not_2e_equals>
        <org-netbeans-spi-editor-hints-projects.text.x-java.org_2e_netbeans_2e_modules_2e_java_2e_hints_2e_errors_2e_ErrorFixesFakeHintCREATE_5f_LOCAL_5f_VARIABLE.create-local-variables-in-place>true</org-netbeans-spi-editor-hints-projects.text.x-java.org_2e_netbeans_2e_modules_2e_java_2e_hints_2e_errors_2e_ErrorFixesFakeHintCREATE_5f_LOCAL_5f_VARIABLE.create-local-variables-in-place>
        <org-netbeans-spi-editor-hints-projects.text.x-java.error-in-javadoc.availabilityfalse>false</org-netbeans-spi-editor-hints-projects.text.x-java.error-in-javadoc.availabilityfalse>
        <org-netbeans-spi-editor-hints-projects.text.x-java.error-in-javadoc.scope>protected</org-netbeans-spi-editor-hints-projects.text.x-java.error-in-javadoc.scope>
        <org-netbeans-spi-editor-hints-projects.text.x-java.org_2e_netbeans_2e_modules_2e_java_2e_hints_2e_jdk_2e_UnnecessaryBoxing_2e_run.boxing_2e_prefer_2e_cast>false</org-netbeans-spi-editor-hints-projects.text.x-java.org_2e_netbeans_2e_modules_2e_java_2e_hints_2e_jdk_2e_UnnecessaryBoxing_2e_run.boxing_2e_prefer_2e_cast>
        <org-netbeans-spi-editor-hints-projects.text.x-java.Javac_5f_OVERRIDES.enabled>true</org-netbeans-spi-editor-hints-projects.text.x-java.Javac_5f_OVERRIDES.enabled>
        <org-netbeans-spi-editor-hints-projects.text.x-java.org_2e_netbeans_2e_modules_2e_java_2e_hints_2e_SystemOut.enabled>true</org-netbeans-spi-editor-hints-projects.text.x-java.org_2e_netbeans_2e_modules_2e_java_2e_hints_2e_SystemOut.enabled>
        <org-netbeans-spi-editor-hints-projects.text.x-java.org_2e_netbeans_2e_modules_2e_java_2e_hints_2e_NoLoggers.custom-loggers>false</org-netbeans-spi-editor-hints-projects.text.x-java.org_2e_netbeans_2e_modules_2e_java_2e_hints_2e_NoLoggers.custom-loggers>
        <org-netbeans-spi-editor-hints-projects.text.x-java.org_2e_netbeans_2e_modules_2e_java_2e_hints_2e_NoLoggers.custom-loggers-list/>
        <org-netbeans-spi-editor-hints-projects.text.x-java.org_2e_netbeans_2e_modules_2e_java_2e_hints_2e_EqualsHint.eguals-hint-erasure>true</org-netbeans-spi-editor-hints-projects.text.x-java.org_2e_netbeans_2e_modules_2e_java_2e_hints_2e_EqualsHint.eguals-hint-erasure>
        <org-netbeans-spi-editor-hints-projects.text.x-java.Javac_5f_UNCHECKED.enabled>true</org-netbeans-spi-editor-hints-projects.text.x-java.Javac_5f_UNCHECKED.enabled>
        <org-netbeans-spi-editor-hints-projects.text.x-java.Braces_5f_IF.enabled>true</org-netbeans-spi-editor-hints-projects.text.x-java.Braces_5f_IF.enabled>
        <org-netbeans-spi-editor-hints-projects.text.x-java.Javac_5f_canUseLambda.prefer-member-references>true</org-netbeans-spi-editor-hints-projects.text.x-java.Javac_5f_canUseLambda.prefer-member-references>
        <org-netbeans-spi-editor-hints-projects.text.x-java.org_2e_netbeans_2e_modules_2e_java_2e_hints_2e_suggestions_2e_ConvertIfToSwitch.iftoswitch_2e_generate_2e_default>true</org-netbeans-spi-editor-hints-projects.text.x-java.org_2e_netbeans_2e_modules_2e_java_2e_hints_2e_suggestions_2e_ConvertIfToSwitch.iftoswitch_2e_generate_2e_default>
        <org-netbeans-spi-editor-hints-projects.text.x-java.org_2e_netbeans_2e_modules_2e_java_2e_hints_2e_suggestions_2e_ConvertIfToSwitch.iftoswitch_2e_branch_2e_threshold>3</org-netbeans-spi-editor-hints-projects.text.x-java.org_2e_netbeans_2e_modules_2e_java_2e_hints_2e_suggestions_2e_ConvertIfToSwitch.iftoswitch_2e_branch_2e_threshold>
        <org-netbeans-spi-editor-hints-projects.text.x-java.org_2e_netbeans_2e_modules_2e_java_2e_hints_2e_ClassStructure_2e_markerInterface.enabled>true</org-netbeans-spi-editor-hints-projects.text.x-java.org_2e_netbeans_2e_modules_2e_java_2e_hints_2e_ClassStructure_2e_markerInterface.enabled>
        <org-netbeans-spi-editor-hints-projects.text.x-java.org_2e_netbeans_2e_modules_2e_java_2e_hints_2e_bugs_2e_CloneAndCloneable_2e_cloneableWithoutClone.enabled>true</org-netbeans-spi-editor-hints-projects.text.x-java.org_2e_netbeans_2e_modules_2e_java_2e_hints_2e_bugs_2e_CloneAndCloneable_2e_cloneableWithoutClone.enabled>
        <org-netbeans-spi-editor-hints-projects.text.x-java.org_2e_netbeans_2e_modules_2e_java_2e_hints_2e_encapsulation_2e_ClassEncapsulation_2e_protectedCls.allow_2e_enums>false</org-netbeans-spi-editor-hints-projects.text.x-java.org_2e_netbeans_2e_modules_2e_java_2e_hints_2e_encapsulation_2e_ClassEncapsulation_2e_protectedCls.allow_2e_enums>
        <org-netbeans-spi-editor-hints-projects.text.x-java.org_2e_netbeans_2e_modules_2e_java_2e_hints_2e_encapsulation_2e_ClassEncapsulation_2e_packageCls.allow_2e_enums>false</org-netbeans-spi-editor-hints-projects.text.x-java.org_2e_netbeans_2e_modules_2e_java_2e_hints_2e_encapsulation_2e_ClassEncapsulation_2e_packageCls.allow_2e_enums>
        <org-netbeans-spi-editor-hints-projects.perProjectHintSettingsEnabled>true</org-netbeans-spi-editor-hints-projects.perProjectHintSettingsEnabled>
        <org-netbeans-spi-editor-hints-projects.text.x-java.Braces_5f_WHILE_5f_LOOP.enabled>true</org-netbeans-spi-editor-hints-projects.text.x-java.Braces_5f_WHILE_5f_LOOP.enabled>
        <org-netbeans-spi-editor-hints-projects.text.x-java.org_2e_netbeans_2e_modules_2e_java_2e_hints_2e_bugs_2e_CollectionRemove.warn-for-castable>true</org-netbeans-spi-editor-hints-projects.text.x-java.org_2e_netbeans_2e_modules_2e_java_2e_hints_2e_bugs_2e_CollectionRemove.warn-for-castable>
        <org-netbeans-spi-editor-hints-projects.text.x-java.org_2e_netbeans_2e_modules_2e_java_2e_hints_2e_HideFieldByVar.warn-hidden-static-fields>true</org-netbeans-spi-editor-hints-projects.text.x-java.org_2e_netbeans_2e_modules_2e_java_2e_hints_2e_HideFieldByVar.warn-hidden-static-fields>
        <org-netbeans-spi-editor-hints-projects.text.x-java.Javac_5f_DEPRECATED.enabled>true</org-netbeans-spi-editor-hints-projects.text.x-java.Javac_5f_DEPRECATED.enabled>
        <org-netbeans-spi-editor-hints-projects.text.x-java.Javac_5f_UNNECESSARY_5f_CAST.enabled>true</org-netbeans-spi-editor-hints-projects.text.x-java.Javac_5f_UNNECESSARY_5f_CAST.enabled>
        <org-netbeans-spi-editor-hints-projects.text.x-java.org_2e_netbeans_2e_modules_2e_java_2e_hints_2e_encapsulation_2e_FieldEncapsulation_2e_packageField.allow_2e_enums>false</org-netbeans-spi-editor-hints-projects.text.x-java.org_2e_netbeans_2e_modules_2e_java_2e_hints_2e_encapsulation_2e_FieldEncapsulation_2e_packageField.allow_2e_enums>
        <org-netbeans-spi-editor-hints-projects.text.x-java.org_2e_netbeans_2e_modules_2e_java_2e_hints_2e_bugs_2e_BroadCatchBlock_2e_broadCatch.catch_2e_umbrella>false</org-netbeans-spi-editor-hints-projects.text.x-java.org_2e_netbeans_2e_modules_2e_java_2e_hints_2e_bugs_2e_BroadCatchBlock_2e_broadCatch.catch_2e_umbrella>
        <org-netbeans-spi-editor-hints-projects.text.x-java.org_2e_netbeans_2e_modules_2e_java_2e_hints_2e_bugs_2e_BroadCatchBlock_2e_broadCatch.catch_2e_common>true</org-netbeans-spi-editor-hints-projects.text.x-java.org_2e_netbeans_2e_modules_2e_java_2e_hints_2e_bugs_2e_BroadCatchBlock_2e_broadCatch.catch_2e_common>
        <org-netbeans-spi-editor-hints-projects.text.x-java.org_2e_netbeans_2e_modules_2e_java_2e_hints_2e_bugs_2e_BroadCatchBlock_2e_broadCatch.enabled>true</org-netbeans-spi-editor-hints-projects.text.x-java.org_2e_netbeans_2e_modules_2e_java_2e_hints_2e_bugs_2e_BroadCatchBlock_2e_broadCatch.enabled>
        <org-netbeans-spi-editor-hints-projects.text.x-java.org_2e_netbeans_2e_modules_2e_java_2e_hints_2e_bugs_2e_BroadCatchBlock_2e_broadCatch.catch_2e_umbrella_2e_types>java.io.IOException, java.sql.SqlException</org-netbeans-spi-editor-hints-projects.text.x-java.org_2e_netbeans_2e_modules_2e_java_2e_hints_2e_bugs_2e_BroadCatchBlock_2e_broadCatch.catch_2e_umbrella_2e_types>
        <org-netbeans-spi-editor-hints-projects.text.x-java.create-javadoc.scope>protected</org-netbeans-spi-editor-hints-projects.text.x-java.create-javadoc.scope>
        <org-netbeans-spi-editor-hints-projects.text.x-java.create-javadoc.availabilitytrue>false</org-netbeans-spi-editor-hints-projects.text.x-java.create-javadoc.availabilitytrue>
        <org-netbeans-spi-editor-hints-projects.text.x-java.org_2e_netbeans_2e_modules_2e_java_2e_hints_2e_errors_2e_ErrorFixesFakeHintCREATE_5f_FINAL_5f_FIELD_5f_CTOR.create-final-fields-from-ctor>true</org-netbeans-spi-editor-hints-projects.text.x-java.org_2e_netbeans_2e_modules_2e_java_2e_hints_2e_errors_2e_ErrorFixesFakeHintCREATE_5f_FINAL_5f_FIELD_5f_CTOR.create-final-fields-from-ctor>
        <org-netbeans-spi-editor-hints-projects.text.x-java.org_2e_netbeans_2e_modules_2e_java_2e_hints_2e_errors_2e_ErrorFixesFakeHintSURROUND_5f_WITH_5f_TRY_5f_CATCH.surround-try-catch-rethrow>false</org-netbeans-spi-editor-hints-projects.text.x-java.org_2e_netbeans_2e_modules_2e_java_2e_hints_2e_errors_2e_ErrorFixesFakeHintSURROUND_5f_WITH_5f_TRY_5f_CATCH.surround-try-catch-rethrow>
        <org-netbeans-spi-editor-hints-projects.text.x-java.org_2e_netbeans_2e_modules_2e_java_2e_hints_2e_errors_2e_ErrorFixesFakeHintSURROUND_5f_WITH_5f_TRY_5f_CATCH.surround-try-catch-java-util-logging-Logger>true</org-netbeans-spi-editor-hints-projects.text.x-java.org_2e_netbeans_2e_modules_2e_java_2e_hints_2e_errors_2e_ErrorFixesFakeHintSURROUND_5f_WITH_5f_TRY_5f_CATCH.surround-try-catch-java-util-logging-Logger>
        <org-netbeans-spi-editor-hints-projects.text.x-java.org_2e_netbeans_2e_modules_2e_java_2e_hints_2e_errors_2e_ErrorFixesFakeHintSURROUND_5f_WITH_5f_TRY_5f_CATCH.surround-try-catch-rethrow-runtime>false</org-netbeans-spi-editor-hints-projects.text.x-java.org_2e_netbeans_2e_modules_2e_java_2e_hints_2e_errors_2e_ErrorFixesFakeHintSURROUND_5f_WITH_5f_TRY_5f_CATCH.surround-try-catch-rethrow-runtime>
        <org-netbeans-spi-editor-hints-projects.text.x-java.org_2e_netbeans_2e_modules_2e_java_2e_hints_2e_errors_2e_ErrorFixesFakeHintSURROUND_5f_WITH_5f_TRY_5f_CATCH.surround-try-catch-org-openide-util-Exceptions>true</org-netbeans-spi-editor-hints-projects.text.x-java.org_2e_netbeans_2e_modules_2e_java_2e_hints_2e_errors_2e_ErrorFixesFakeHintSURROUND_5f_WITH_5f_TRY_5f_CATCH.surround-try-catch-org-openide-util-Exceptions>
        <org-netbeans-spi-editor-hints-projects.text.x-java.Javac_5f_FALLTHROUGH.enabled>true</org-netbeans-spi-editor-hints-projects.text.x-java.Javac_5f_FALLTHROUGH.enabled>
        <org-netbeans-spi-editor-hints-projects.text.x-java.org_2e_netbeans_2e_modules_2e_java_2e_hints_2e_encapsulation_2e_FieldEncapsulation_2e_publicField.allow_2e_enums>false</org-netbeans-spi-editor-hints-projects.text.x-java.org_2e_netbeans_2e_modules_2e_java_2e_hints_2e_encapsulation_2e_FieldEncapsulation_2e_publicField.allow_2e_enums>
        <org-netbeans-spi-editor-hints-projects.text.x-java.Javac_5f_SERIALIZATION.enabled>false</org-netbeans-spi-editor-hints-projects.text.x-java.Javac_5f_SERIALIZATION.enabled>
        <org-netbeans-spi-editor-hints-projects.text.x-java.MAVEN_5f_SEARCH_5f_HINT.maven_5f_search_5f_dialog>true</org-netbeans-spi-editor-hints-projects.text.x-java.MAVEN_5f_SEARCH_5f_HINT.maven_5f_search_5f_dialog>
        <org-netbeans-spi-editor-hints-projects.text.x-java.org_2e_netbeans_2e_modules_2e_java_2e_hints_2e_suggestions_2e_TooStrongCast_2e_broadTypeCast.enabled>true</org-netbeans-spi-editor-hints-projects.text.x-java.org_2e_netbeans_2e_modules_2e_java_2e_hints_2e_suggestions_2e_TooStrongCast_2e_broadTypeCast.enabled>
        <org-netbeans-spi-editor-hints-projects.text.x-java.Imports_5f_STAR.enabled>true</org-netbeans-spi-editor-hints-projects.text.x-java.Imports_5f_STAR.enabled>
        <org-netbeans-spi-editor-hints-projects.text.x-java.Javac_5f_FINALLY.enabled>true</org-netbeans-spi-editor-hints-projects.text.x-java.Javac_5f_FINALLY.enabled>
        <org-netbeans-spi-editor-hints-projects.text.x-java.org_2e_netbeans_2e_modules_2e_java_2e_hints_2e_ClassStructure_2e_publicConstructorInNonPublicClass.enabled>true</org-netbeans-spi-editor-hints-projects.text.x-java.org_2e_netbeans_2e_modules_2e_java_2e_hints_2e_ClassStructure_2e_publicConstructorInNonPublicClass.enabled>
        <org-netbeans-spi-editor-hints-projects.text.x-java.org_2e_netbeans_2e_modules_2e_java_2e_hints_2e_jdk_2e_ThrowableInitCause.strict>false</org-netbeans-spi-editor-hints-projects.text.x-java.org_2e_netbeans_2e_modules_2e_java_2e_hints_2e_jdk_2e_ThrowableInitCause.strict>
        <org-netbeans-spi-editor-hints-projects.text.x-java.org_2e_netbeans_2e_modules_2e_java_2e_hints_2e_errors_2e_ErrorFixesFakeHintIMPORT_5f_CLASS.organize-import-class>false</org-netbeans-spi-editor-hints-projects.text.x-java.org_2e_netbeans_2e_modules_2e_java_2e_hints_2e_errors_2e_ErrorFixesFakeHintIMPORT_5f_CLASS.organize-import-class>
        <org-netbeans-spi-editor-hints-projects.text.x-java.org_2e_netbeans_2e_modules_2e_java_2e_hints_2e_HideField.warn-hidden-static-fields>true</org-netbeans-spi-editor-hints-projects.text.x-java.org_2e_netbeans_2e_modules_2e_java_2e_hints_2e_HideField.warn-hidden-static-fields>
        <org-netbeans-spi-editor-hints-projects.text.x-java.Braces_5f_FOR_5f_LOOP.enabled>true</org-netbeans-spi-editor-hints-projects.text.x-java.Braces_5f_FOR_5f_LOOP.enabled>
        <org-netbeans-spi-editor-hints-projects.text.x-java.Javac_5f_EMPTY_5f_STATEMENT_5f_AFTER_5f_IF.enabled>true</org-netbeans-spi-editor-hints-projects.text.x-java.Javac_5f_EMPTY_5f_STATEMENT_5f_AFTER_5f_IF.enabled>
        <org-netbeans-spi-editor-hints-projects.text.x-java.org_2e_netbeans_2e_modules_2e_java_2e_hints_2e_ClassStructure_2e_classMayBeInterface.enabled>true</org-netbeans-spi-editor-hints-projects.text.x-java.org_2e_netbeans_2e_modules_2e_java_2e_hints_2e_ClassStructure_2e_classMayBeInterface.enabled>
        <org-netbeans-spi-editor-hints-projects.text.x-java.org_2e_netbeans_2e_modules_2e_java_2e_hints_2e_perf_2e_Tiny_2e_stringConstructor.ignore_2e_substring>true</org-netbeans-spi-editor-hints-projects.text.x-java.org_2e_netbeans_2e_modules_2e_java_2e_hints_2e_perf_2e_Tiny_2e_stringConstructor.ignore_2e_substring>
        <org-netbeans-spi-editor-hints-projects.text.x-java.Braces_5f_DO_5f_WHILE_5f_LOOP.enabled>true</org-netbeans-spi-editor-hints-projects.text.x-java.Braces_5f_DO_5f_WHILE_5f_LOOP.enabled>
        <org-netbeans-spi-editor-hints-projects.text.x-java.org_2e_netbeans_2e_modules_2e_java_2e_hints_2e_UtilityClass_5f_2.hintSeverity>VERIFIER</org-netbeans-spi-editor-hints-projects.text.x-java.org_2e_netbeans_2e_modules_2e_java_2e_hints_2e_UtilityClass_5f_2.hintSeverity>
        <org-netbeans-spi-editor-hints-projects.text.x-java.org_2e_netbeans_2e_modules_2e_java_2e_hints_2e_UtilityClass_5f_2.enabled>true</org-netbeans-spi-editor-hints-projects.text.x-java.org_2e_netbeans_2e_modules_2e_java_2e_hints_2e_UtilityClass_5f_2.enabled>
        <org-netbeans-spi-editor-hints-projects.text.x-java.org_2e_netbeans_2e_modules_2e_java_2e_hints_2e_bugs_2e_NPECheck.enable-for-fields>false</org-netbeans-spi-editor-hints-projects.text.x-java.org_2e_netbeans_2e_modules_2e_java_2e_hints_2e_bugs_2e_NPECheck.enable-for-fields>
        <org-netbeans-spi-editor-hints-projects.text.x-java.EmptyStatements_5f_IF.enabled>true</org-netbeans-spi-editor-hints-projects.text.x-java.EmptyStatements_5f_IF.enabled>
        <org-netbeans-spi-editor-hints-projects.text.x-java.Wrong_5f_String_5f_Comparison.string-literals-first>true</org-netbeans-spi-editor-hints-projects.text.x-java.Wrong_5f_String_5f_Comparison.string-literals-first>
        <org-netbeans-spi-editor-hints-projects.text.x-java.Wrong_5f_String_5f_Comparison.ternary-null-check>true</org-netbeans-spi-editor-hints-projects.text.x-java.Wrong_5f_String_5f_Comparison.ternary-null-check>
        <org-netbeans-spi-editor-hints-projects.text.x-java.org_2e_netbeans_2e_modules_2e_java_2e_hints_2e_jdk_2e_AddUnderscores.size-binary>4</org-netbeans-spi-editor-hints-projects.text.x-java.org_2e_netbeans_2e_modules_2e_java_2e_hints_2e_jdk_2e_AddUnderscores.size-binary>
        <org-netbeans-spi-editor-hints-projects.text.x-java.org_2e_netbeans_2e_modules_2e_java_2e_hints_2e_jdk_2e_AddUnderscores.size-hexadecimal>4</org-netbeans-spi-editor-hints-projects.text.x-java.org_2e_netbeans_2e_modules_2e_java_2e_hints_2e_jdk_2e_AddUnderscores.size-hexadecimal>
        <org-netbeans-spi-editor-hints-projects.text.x-java.org_2e_netbeans_2e_modules_2e_java_2e_hints_2e_jdk_2e_AddUnderscores.size-decimal>3</org-netbeans-spi-editor-hints-projects.text.x-java.org_2e_netbeans_2e_modules_2e_java_2e_hints_2e_jdk_2e_AddUnderscores.size-decimal>
        <org-netbeans-spi-editor-hints-projects.text.x-java.org_2e_netbeans_2e_modules_2e_java_2e_hints_2e_jdk_2e_AddUnderscores.also-with-underscores>false</org-netbeans-spi-editor-hints-projects.text.x-java.org_2e_netbeans_2e_modules_2e_java_2e_hints_2e_jdk_2e_AddUnderscores.also-with-underscores>
        <org-netbeans-spi-editor-hints-projects.text.x-java.Javac_5f_DIVISION_5f_BY_5f_ZERO.enabled>true</org-netbeans-spi-editor-hints-projects.text.x-java.Javac_5f_DIVISION_5f_BY_5f_ZERO.enabled>
    </properties>
</project-shared-configuration>